id,fname,lname,emailid,password
1,Garrard,Peplay,gpeplay0@163.com,qyzjsshppM
2,Arney,Mogg,amogg1@discuz.net,KUFtOjFPDHfs
3,Leandra,Sealey,lsealey2@pen.io,t7XW5v
4,Cecil,Woolsey,cwoolsey3@dmoz.org,WOrl1nw
5,Stephenie,Darley,sdarley4@sciencedaily.com,J6cwwTzATd
6,Gus,Lindwall,glindwall5@apache.org,2NmyTNZGK2dR
7,Konrad,Cozzi,kcozzi6@baidu.com,Tr9gNv
8,Humfrid,Manon,hmanon7@xinhuanet.com,ZO7JOCly
9,Dorotea,Fawdrey,dfawdrey8@elegantthemes.com,9q58ExmmtT
10,Ertha,Sevitt,esevitt9@goo.ne.jp,GyJkGw
11,Ashil,Petras,apetrasa@reuters.com,W06HwFMJ
12,Tierney,Boothman,tboothmanb@ocn.ne.jp,XCS0AiF23
13,Cyndia,Berresford,cberresfordc@moonfruit.com,RjGbJ2X2Rr4x
14,Alvira,Smallpeice,asmallpeiced@acquirethisname.com,oRvyRk5Gt
15,Kattie,Lantiffe,klantiffee@foxnews.com,m3nrJi0Svd6M
16,Aeriela,Owbridge,aowbridgef@fastcompany.com,pfP1V2
17,Benjy,Baudic,bbaudicg@last.fm,xKXHTpvN
18,Roma,Squibbs,rsquibbsh@guardian.co.uk,qu0esc
19,Gillan,McCorkindale,gmccorkindalei@ed.gov,cQfTpCs1
20,Ertha,Downey,edowneyj@mac.com,YWzGdWuF
