id,fname,lname,email,alphanumeric
c1,Blythe,Case,blythe_case7564@aol.net,NJJ74DHN7XA
c2,Chelsea,Erickson,c.erickson6969@outlook.edu,IYL06VQE3DK
c3,Charity,Hebert,hebertcharity5210@yahoo.in,BAY99IMX4JE
c4,Sean,Martin,martin.sean2757@google.in,GQP87JCN4EE
c5,Andrew,Powers,a_powers@hotmail.coin,QQS72DET6LH
c6,Aidan,Humphrey,ahumphrey5348@google.coin,ZPP02FZQ7TV
c7,Amber,Mccullough,mamber@yahoo.in,BYO19JFG6CI
c8,Jeremy,Strickland,stricklandjeremy@outlook.org,VCF76WIE6KX
c9,Vaughan,Brady,brady.vaughan8212@outlook.in,VIL98QEH3RX
c10,Minerva,Reese,mreese@protonmail.net,DMH10VKO8FQ
c11,Cedric,Joyce,joyce.cedric9316@protonmail.coin,YXZ44OYF7LY
c12,Vielka,Woodard,vielkawoodard@icloud.net,YQV56KKA5VF
c13,Armand,Simpson,simpson.armand@hotmail.org,FLW83BGR0MR
c14,Curran,Ware,wcurran@google.edu,SKQ85XXS3JZ
c15,Solomon,Carey,s-carey7228@google.net,VAI53DGP8SE
c16,Zephr,Kim,kim_zephr@yahoo.in,EQU12DGY8VC
c17,Lysandra,Eaton,lysandra.eaton@google.net,JDQ26XLL4JJ
c18,Paula,Gallegos,pgallegos@yahoo.edu,TBV28LMS8EN
c19,Aurora,Hooper,hooper_aurora@icloud.com,ZTR59OEN4UD
c20,Kyle,Perry,kyle-perry3067@aol.org,WVN72XUC0KT
c21,Kamal,Stephens,stephenskamal@icloud.in,VVD33KUB8UH
c22,Grant,Lloyd,lloyd-grant@outlook.org,EQK21QMW8HU
c23,Xander,Simmons,x-simmons4692@hotmail.net,CLZ12CNB5XP
c24,Ulysses,Atkinson,u_atkinson8660@outlook.edu,SIM27EIN5CS
c25,Kelsie,Scott,k_scott@icloud.net,MGZ46ZUX9HO
c26,Kylynn,Ryan,rkylynn@hotmail.in,AAD57IZN0BG
c27,Isabella,Keith,keith_isabella@protonmail.org,LFR46CBX3BW
c28,Evan,Harris,hevan7027@icloud.edu,IXZ42NOZ5EC
c29,Hector,Smith,smith.hector7026@google.edu,GQS33UWC2BH
c30,Kasper,Alvarado,alvarado.kasper9654@hotmail.com,LFG02YVP7ND
c31,Nicole,Murphy,n-murphy9792@protonmail.com,XNL60HCF8OS
c32,Calista,Carney,carneycalista923@aol.com,BHB87JND5YH
c33,Lane,Marsh,marshlane1001@outlook.com,ICM71WSB2SL
c34,Xaviera,Shaw,sxaviera@yahoo.org,YMS38XQN5GU
c35,Eric,Lamb,lamberic@google.com,XEY56NFW7HL
c36,Jack,Burton,b.jack9050@aol.net,FSA02OJP7RH
c37,Kane,Walton,kwalton@google.net,YYE49MPI5PP
c38,Honorato,Jackson,jackson-honorato9023@hotmail.org,LSW94UAF0EJ
c39,Jasper,Barton,jasper-barton@protonmail.org,WND19LWE9UC
c40,Carly,Miranda,miranda.carly3163@icloud.net,JUS23MLE6FI
c41,Cadman,Sampson,sampson-cadman@yahoo.net,PSF16WVN5IN
c42,Maryam,Hickman,hickman_maryam@hotmail.edu,NLV87KWF7KT
c43,Jeremy,Small,jeremy_small1576@aol.org,DMH11SXX9PJ
c44,Yen,Valdez,yenvaldez2335@outlook.net,SIY55FRS6QX
c45,Reece,Estes,estes_reece@protonmail.coin,SNO29BVW1LS
c46,Pearl,Luna,luna-pearl8899@protonmail.in,AKO41KYS2OS
c47,Damian,Bradshaw,damian-bradshaw@protonmail.edu,RWI82PKP7FD
c48,Jana,Kaufman,k.jana326@hotmail.in,OHO33QET5OD
c49,Tasha,Ortiz,ortiz_tasha303@outlook.edu,JDM07UFA7HN
c50,Grace,Potts,g_potts@hotmail.com,NHV67UEB6CN
c51,Tate,Harding,hardingtate@aol.edu,SEC23LBZ6HR
c52,Beck,Mann,b.mann@aol.in,VOK88OLC7VU
c53,Jonah,Cote,cote.jonah@google.coin,AFX25KLV1VI
c54,Hilary,Galloway,h_galloway1169@hotmail.com,VRN73IYT2OS
c55,Kitra,Park,k-park7174@protonmail.edu,RHG08ZEH8ST
c56,Ramona,Stephens,rstephens5031@aol.coin,ZFB12AVC3XI
c57,Ria,Frost,riafrost@icloud.com,YMG38SNP8SK
c58,Aidan,Watkins,awatkins@outlook.edu,HRE40LZU7BQ
c59,Carly,Shaw,c_shaw@hotmail.com,FYS81GPO2RQ
c60,Brady,Compton,brady.compton6940@icloud.net,NWB60OUV5IU
c61,Hayfa,Church,hayfa_church@icloud.net,NJB92CJN8EY
c62,Cyrus,Black,b-cyrus5082@icloud.in,NRQ17RPZ8VC
c63,Odysseus,Neal,neal.odysseus@hotmail.net,PYV78IBL3UH
c64,Hillary,Horn,h-horn1918@protonmail.edu,PVD80DOE3MQ
c65,Joy,Barnett,b.joy@hotmail.in,HDX76HCZ2FU
c66,Alea,Reynolds,a-reynolds4821@google.coin,JPT37EPD5RR
c67,Kermit,Singleton,kermit.singleton@yahoo.com,NVU62LOA6HW
c68,Noble,Hood,h-noble3788@outlook.com,IDF48GZT9OG
c69,Octavius,Gould,octaviusgould2317@yahoo.in,LWT82OAP7XB
c70,Mollie,Tate,tate_mollie8380@yahoo.net,YSB62JNP2YR
c71,Patience,Morales,morales.patience@google.net,GEI37ECC7JS
c72,Diana,Rich,rich.diana@protonmail.coin,RNE13NHK5YN
c73,Duncan,Marks,marks.duncan6051@icloud.coin,ZXQ82LHY8OA
c74,Charde,Emerson,emerson_charde@yahoo.org,EUN87THF6VM
c75,Suki,Velazquez,suki_velazquez@yahoo.edu,HGH11YOW5WQ
c76,Joel,Cervantes,cervantes.joel9240@google.org,LLH51HNU1NV
c77,Acton,Larson,larson.acton@aol.edu,RNV49DOP8UI
c78,Angelica,Waller,a_waller4154@google.org,NWM14SSN6AM
c79,Samantha,Barnes,barnes_samantha@aol.in,AKC36HVX4KT
c80,Nevada,Sheppard,n.sheppard2529@yahoo.coin,HDS00GPK8HQ
c81,Joel,Melendez,melendez_joel@aol.edu,XKB14NSY4SN
c82,Kylie,Leonard,kylie-leonard@google.org,HKV74SLF8JY
c83,Laith,Wolf,l_wolf@hotmail.in,UUQ34FWB3XN
c84,Shafira,Nixon,n-shafira2604@icloud.org,VGK61QTO5GG
c85,Tad,Rhodes,r_tad6111@protonmail.com,BUT62JTO2XT
c86,Maxwell,Wood,mwood@icloud.org,FRK22FOD1AQ
c87,Jack,Medina,medina-jack@google.coin,XCT47RUF1SX
c88,Yvette,Frost,yvette-frost@aol.coin,NBO46JWG8WP
c89,Lane,Cook,l.cook8642@yahoo.coin,JVP96LNX5LK
c90,Lacy,Brennan,lacy.brennan691@google.coin,QEZ63GJB3OY
c91,Brynn,Delacruz,d.brynn@hotmail.net,AHQ34FBZ1KJ
c92,Ebony,Stein,stein-ebony@icloud.net,ONR27IBF8IX
c93,Ray,Bauer,ray-bauer@google.in,COH58EUI6PB
c94,Buckminster,O'connor,o_buckminster8186@icloud.com,FCK23MYP4RP
c95,MacKenzie,Hensley,m_hensley@aol.net,YLE45WXU2TY
c96,Halee,Dejesus,dhalee4901@yahoo.in,WYC16EGK8KE
c97,Kane,Short,kane_short6655@protonmail.net,SJG54QNS4IH
c98,Brooke,Cruz,c.brooke@hotmail.coin,TZE41LBM6CG
c99,Addison,Lowery,a.lowery7624@outlook.org,CSH11EFJ3RS
c100,Dora,Baldwin,d.baldwin@outlook.com,VMG18DCH8NK
