id,phone,street,email,region,country,postalZip
1,1898687619,Ap #216-3871 Mi St.,Raipur,Chhattisgarh,India,291511
2,2656838048,849-7422 Est Avenue,Beawar,Rajasthan,India,264400
3,4461463248,Ap #105-3258 Ullamcorper. Av.,Shimla,Himachal Pradesh,India,223132
4,8355484541,"696-3958 Lorem, St.",Gangtok,Sikkim,India,585872
5,6288577745,1092 Integer Road,Srinagar,Jammu and Kashmir,India,830230
6,7668776558,"Ap #152-3179 Ornare, Rd.",Shimla,Himachal Pradesh,India,431261
7,0558660892,545-8143 Vivamus Rd.,Rajahmundry,Andhra Pradesh,India,683654
8,0478551663,297-1837 Vestibulum Avenue,Dibrugarh,Assam,India,772047
9,6629361638,769-7961 Suspendisse Street,Trivandrum,Kerala,India,911862
10,1855083578,368-1616 Enim Av.,Malegaon,Maharastra,India,704859
11,4975962596,"P.O. Box 315, 1089 Nullam Avenue",Dindigul,Tamil Nadu,India,877376
12,2349973607,Ap #925-4707 Cursus Street,Shillong,Meghalaya,India,853151
13,6112345512,3144 Integer Road,Kavaratti,Lakshadweep,India,212196
14,7636744683,Ap #880-5886 Per Ave,Amritsar,Punjab,India,616484
15,3447215367,992-9887 Odio Street,Gurgaon,Haryana,India,252784
16,9610798435,803-1765 Tincidunt St.,Damoh,Madhya Pradesh,India,353852
17,8252586187,"618-2414 Purus, St.",Sambalpur,Odisha,India,595253
18,7179255271,858-4952 Neque. Street,Port Blair,Andaman and Nicobar Islands,India,723284
19,4237271686,Ap #618-265 Ultrices St.,Silvassa,Dadra and Nagar Haveli,India,523765
20,4762271165,Ap #357-4114 Mollis Av.,Avadi,Tamil Nadu,India,338657
21,8721214645,Ap #138-5113 Mi Rd.,Champdani,West Bengal,India,868674
22,1871853081,"P.O. Box 492, 8377 Euismod Rd.",Malkajgiri,Andhra Pradesh,India,228692
23,3637768204,"P.O. Box 520, 3488 Imperdiet Av.",Bhilai,Chhattisgarh,India,486211
24,8135935886,249-8046 Gravida. Av.,Mangalore,Karnataka,India,457438
25,3477872947,610-5011 Sollicitudin Road,Panjim,Goa,India,721311
26,0405773682,"Ap #872-2573 A, Street",Durg,Chhattisgarh,India,912912
27,0274281822,"P.O. Box 451, 7837 Tellus Av.",Shivapuri,Madhya Pradesh,India,786865
28,6866913838,6465 Turpis Street,Bhimavaram,Andhra Pradesh,India,636764
29,6466611420,980-247 Adipiscing Ave,Nagarcoil,Tamil Nadu,India,515188
30,0164187461,"Ap #316-395 Elit, Ave",Delhi,Delhi,India,361858
31,2957375475,Ap #952-7406 Congue Avenue,Haridwar,Uttarakhand,India,500015
32,2733387613,Ap #615-1182 Sed Rd.,Agartala,Tripura,India,973054
33,5418839178,273-3928 Sed St.,Dibrugarh,Assam,India,717197
34,7705212125,1370 Magna Ave,Kavaratti,Lakshadweep,India,557666
35,3195444523,282 Justo St.,Jammu,Jammu and Kashmir,India,431945
36,7536844707,781-3797 Pharetra Rd.,Kohima,Nagaland,India,476256
37,2670708327,490-7517 Dignissim Rd.,Guwahati,Assam,India,524382
38,3726314815,"P.O. Box 285, 6718 Eu, Av.",Thalassery,Kerala,India,803470
39,7130946683,Ap #303-6645 Magnis Road,Kavaratti,Lakshadweep,India,476777
40,6856121756,889-8546 Tellus. St.,Ranchi,Jharkhand,India,647412
41,5638783218,762-7293 Fusce Avenue,Kohima,Nagaland,India,544963
42,3554222885,501-4437 Aliquam St.,Beawar,Rajasthan,India,548428
43,5728007548,Ap #953-6241 Ante St.,Baidyabati,West Bengal,India,273283
44,1213693273,Ap #452-8596 Nunc. Avenue,Chandigarh,Chandigarh,India,655166
45,1137665158,Ap #649-7439 Euismod Rd.,Purulia,Jharkhand,India,797277
46,5433844173,Ap #597-6985 Rhoncus Avenue,Raigarh,Chhattisgarh,India,487144
47,8497055758,1456 Eu St.,Kavaratti,Lakshadweep,India,355555
48,5636217847,Ap #276-4613 Sed Ave,Belgaum,Karnataka,India,214711
49,8332252513,291-8172 Dapibus Avenue,Srinagar,Jammu and Kashmir,India,567568
50,5734356982,808-4735 Ut Avenue,Dera Ghazi Khan,Punjab,India,245695
51,3161241362,3409 Mus. Ave,Imphal,Manipur,India,196475
52,5409395553,"860-9997 Id, St.",Nagaon,Assam,India,832663
53,2814154842,"P.O. Box 671, 5554 Risus. Av.",Bharatpur,Rajasthan,India,701572
54,5159546557,"P.O. Box 316, 233 Nec Road",Delhi,Delhi,India,465938
55,7328376974,654-7344 Lectus Rd.,Kohima,Nagaland,India,791785
56,3938232499,"P.O. Box 238, 2990 Dui, Street",Ujjain,Madhya Pradesh,India,468107
57,4346905719,721 Ut St.,Tonk,Rajasthan,India,968368
58,4652331474,186-7460 Eget Ave,Kohima,Nagaland,India,840613
59,1225438343,552-7118 Euismod Road,Purnea,Jharkhand,India,598377
60,4162081338,"Ap #161-3851 Est, Road",Tiruchirapalli,Tamil Nadu,India,227986
61,8663682074,260-9740 Eu Av.,Purulia,Jharkhand,India,588568
62,0941365511,Ap #334-306 Ligula. St.,Solapur,Maharastra,India,908916
63,4312178757,3625 Lectus. Ave,Kamoke,Punjab,India,305146
64,6848424883,467-9700 Praesent Ave,Tiruchirapalli,Tamil Nadu,India,704394
65,3158356750,731-2299 Risus Rd.,Alandur,Tamil Nadu,India,736286
66,8704347666,"Ap #954-6030 Facilisis, Ave",Bankura,West Bengal,India,710480
67,8581583476,"731-473 Non, Street",Silchar,Assam,India,602274
68,1845836383,Ap #452-4417 Vehicula Road,Bhiwani,Haryana,India,277197
69,8634297323,2578 Purus Road,Kohima,Nagaland,India,304562
70,5621264857,756-7706 Arcu. Rd.,Eluru,Andhra Pradesh,India,745677
71,2747345847,"Ap #552-2965 Non, Ave",Unnao,Uttar Pradesh,India,552684
72,1775278850,Ap #831-7582 Euismod Avenue,Kota,Rajasthan,India,471264
73,9243034616,Ap #699-4637 Quis Avenue,Delhi,Delhi,India,324376
74,4581233520,8110 Leo. Avenue,Sonipat,Haryana,India,367546
75,6381516655,"P.O. Box 774, 3354 Nec Rd.",Delhi,Delhi,India,778182
76,5342362651,Ap #656-833 Nisi Rd.,Haridwar,Uttarakhand,India,592563
77,3779859456,Ap #657-6090 Ut Av.,Haridwar,Uttarakhand,India,676244
78,5457875364,Ap #160-9259 Nec Av.,Silvassa,Dadra and Nagar Haveli,India,576797
79,1829024483,Ap #665-8893 Tincidunt Ave,Jabalpur,Madhya Pradesh,India,737851
80,6954744781,Ap #299-4595 Lacus Av.,Silvassa,Dadra and Nagar Haveli,India,953222
81,5464177317,4263 Tempus St.,Sirsa,Haryana,India,475615
82,9112315281,Ap #179-4627 Etiam St.,Agartala,Tripura,India,534591
83,0755854288,Ap #660-3267 Sit Street,Ranchi,Jharkhand,India,612217
84,7362750583,Ap #282-5961 Eget Av.,Kumbakonam,Tamil Nadu,India,828125
85,7280797981,"P.O. Box 740, 122 A, Rd.",Arrah,Bihar,India,556443
86,7873071440,"P.O. Box 723, 3289 Non Rd.",Sirsa,Haryana,India,476365
87,5851776714,"7817 A, Ave",Shimla,Himachal Pradesh,India,842768
88,9368293947,885-5394 Ipsum St.,Chandigarh,Chandigarh,India,554125
89,7125781448,"P.O. Box 899, 9471 Eu St.",Bhilai,Chhattisgarh,India,521148
90,3621489461,"P.O. Box 449, 9776 Amet, Rd.",Chishtian Mandi,Punjab,India,639652
91,5817110844,Ap #964-4370 Lectus Rd.,Munger,Bihar,India,965933
92,4431118593,225-9794 Vivamus Street,Vidisha,Madhya Pradesh,India,270425
93,1315223261,Ap #517-175 Etiam Road,Hassan,Karnataka,India,354694
94,9632394124,520 Nec Street,Gangtok,Sikkim,India,785528
95,1292815748,774-9111 Odio Ave,Delhi,Delhi,India,626212
96,4922681287,Ap #966-4933 Vitae Street,Raurkela,Odisha,India,861127
97,8915405616,"P.O. Box 273, 2575 Non Av.",Vejalpur,Gujarat,India,222718
98,7525972886,"P.O. Box 294, 1945 Hymenaeos. Rd.",Port Blair,Andaman and Nicobar Islands,India,332789
99,2874449785,Ap #541-5117 Dignissim St.,Shillong,Meghalaya,India,966837
100,4436558138,784-4949 Donec Ave,Shillong,Meghalaya,India,423971
