id,company,email
1,Ut Ipsum LLP,vivamus.nibh@google.org
2,Euismod Urna Nullam Limited,amet@yahoo.org
3,Cras Dolor Company,mauris@yahoo.couk
4,Ut Eros Associates,faucibus@protonmail.couk
5,Nunc Corporation,ut.odio@yahoo.org
6,Gravida LLP,donec.fringilla.donec@yahoo.edu
7,Ultrices Inc.,sollicitudin.commodo.ipsum@outlook.com
8,Luctus Incorporated,tempus.risus@outlook.ca
9,Dui Fusce Diam Foundation,tempor.augue@protonmail.couk
10,Lorem Foundation,cras.dictum@yahoo.net
11,Risus In Inc.,et.euismod.et@yahoo.org
12,Et Magnis Foundation,aliquet.diam@yahoo.edu
13,Erat Consulting,id.sapien.cras@icloud.edu
14,Nisi PC,malesuada.malesuada@protonmail.ca
15,Mauris Eu Ltd,urna.nec.luctus@outlook.ca
16,Tincidunt Industries,arcu.aliquam.ultrices@protonmail.org
17,Nisl Inc.,dui.lectus@aol.edu
18,Magna A Inc.,magna.a@protonmail.net
19,Mi Incorporated,aenean.gravida@outlook.couk
20,Vulputate Dui Institute,ac.mattis@protonmail.net
21,Dignissim Tempor Consulting,cum.sociis.natoque@hotmail.com
22,Velit Cras Lorem Inc.,bibendum@aol.edu
23,Dapibus Id Blandit Associates,quis.massa@icloud.edu
24,Purus LLC,ut.tincidunt.orci@google.org
25,Gravida Molestie Institute,sed.et@outlook.ca
26,Imperdiet Dictum PC,eget.volutpat@yahoo.net
27,Donec Foundation,tristique.neque@aol.org
28,Dolor Vitae Foundation,mus.proin@icloud.com
29,Justo Proin Non LLP,in.sodales.elit@icloud.couk
30,Proin Institute,turpis.nulla@aol.net
31,Rutrum Urna Limited,nullam.enim@protonmail.edu
32,Elit A Feugiat PC,ridiculus.mus@outlook.couk
33,Cras Convallis LLP,sagittis.duis.gravida@aol.couk
34,Erat Vitae Risus Ltd,gravida.mauris.ut@aol.couk
35,In Faucibus Associates,in@aol.edu
36,Nibh Corporation,fusce.fermentum@hotmail.com
37,Phasellus Nulla Integer Corp.,integer@yahoo.couk
38,Est Corporation,fringilla.est@icloud.net
39,Convallis Est Corporation,elit.erat.vitae@yahoo.org
40,Turpis Aliquam Foundation,elit@outlook.ca
41,Vitae Orci Inc.,eu.ligula.aenean@icloud.ca
42,Purus Maecenas LLC,non.justo@outlook.couk
43,Feugiat Lorem Ipsum Foundation,magna.a@hotmail.edu
44,Convallis Erat Limited,tempus.eu.ligula@google.com
45,Augue Industries,ac.arcu@yahoo.org
46,Tincidunt Tempus Institute,nunc.est.mollis@yahoo.org
47,Nulla Cras Associates,facilisis@yahoo.ca
48,Lorem Ipsum Inc.,vitae.erat@aol.couk
49,Sed Diam Limited,faucibus.morbi@outlook.edu
50,Dignissim Magna A Corp.,imperdiet.erat.nonummy@icloud.org
51,Elementum Limited,morbi.tristique@aol.net
52,In Corporation,ante@protonmail.com
53,Nunc Laoreet Institute,nec.orci@yahoo.org
54,Integer Vitae PC,magna.nec.quam@outlook.edu
55,Tortor Nibh Incorporated,enim@yahoo.com
56,Convallis Erat PC,et.ultrices@aol.edu
57,Et Magnis LLC,ligula.nullam@hotmail.edu
58,Semper Pretium Company,vel.mauris@yahoo.net
59,Proin Foundation,magna@hotmail.ca
60,Dapibus Inc.,turpis.egestas@protonmail.edu
61,Diam Vel PC,et.tristique@icloud.org
62,Auctor Velit Ltd,velit@hotmail.ca
63,Malesuada Integer Id Limited,massa.non@yahoo.edu
64,Lorem Ipsum Sodales Industries,suspendisse.commodo@icloud.ca
65,Neque Nullam LLC,ante.blandit@icloud.ca
66,In Cursus Industries,pretium.neque@yahoo.ca
67,Tristique Neque Inc.,euismod.enim@google.com
68,Sed Associates,aliquam.ultrices@icloud.org
69,Suscipit Nonummy Fusce Institute,euismod.mauris@outlook.com
70,Sagittis Lobortis Foundation,erat.semper.rutrum@outlook.net
71,Nec Foundation,euismod.mauris@icloud.org
72,Penatibus Et Magnis LLP,nec.luctus@aol.com
73,Lacinia At Iaculis Foundation,aenean.massa.integer@google.ca
74,Placerat Eget Associates,nec.metus.facilisis@protonmail.org
75,Ridiculus Mus Proin Incorporated,at@protonmail.couk
76,Arcu Curabitur Foundation,lorem.ac@icloud.net
77,Nibh PC,sed@yahoo.edu
78,Mauris Blandit Corporation,ipsum@aol.couk
79,Vel Sapien Imperdiet LLC,tincidunt.donec@outlook.net
80,Odio Semper PC,sit@icloud.org
81,Ac Orci Institute,arcu.sed@hotmail.couk
82,Gravida Aliquam Industries,magna@icloud.net
83,Pretium Et Inc.,nisl@google.org
84,Dui Cum Incorporated,suspendisse.tristique.neque@protonmail.edu
85,Parturient Montes Incorporated,ac.mi@protonmail.net
86,Cursus Vestibulum Mauris LLC,nulla@aol.ca
87,Nonummy Ipsum Incorporated,metus@outlook.com
88,Parturient Institute,cursus.vestibulum.mauris@google.net
89,Imperdiet Foundation,lacus.cras@icloud.net
90,Nullam Velit Dui Institute,ipsum.dolor@yahoo.ca
91,Massa Foundation,mauris@hotmail.org
92,Eu Institute,purus@protonmail.edu
93,Neque Nullam Corp.,duis.mi@google.ca
94,At Corp.,euismod@yahoo.com
95,Semper Dui Associates,congue.in.scelerisque@icloud.com
96,Donec Corp.,est.ac.facilisis@yahoo.org
97,Vestibulum Accumsan Incorporated,lectus.a.sollicitudin@outlook.ca
98,Sem Mollis Dui Limited,orci.ut@google.couk
99,Urna Nec Luctus Limited,non.lobortis@icloud.couk
100,Suspendisse Eleifend Cras LLP,dictum.sapien.aenean@icloud.edu
